code_rome,libelle
A1413,Brasseur / Brasseuse de bière
A1414,Horticulteur / Horticultrice
A1415,Marin-pêcheur
A1416,Agriculteur / Agricultrice
A1417,Saliculteur / Salicultrice
A1501,Auxiliaire vétérinaire
A1502,Maréchal-ferrant / Maréchale-ferrante
A1503,Toiletteur / Toiletteuse d'animaux
A1504,Vétérinaire
A1201,Bûcheron / Bûcheronne
A1202,Agent / Agente d'entretien des espaces naturels
A1203,Agent / Agente d'entretien des espaces verts
A1204,Garde Forestier / Forestière
A1205,Sylviculteur / Sylvicultrice
A1301,Technicien / Technicienne de culture maraîchère
A1302,Technicien / Technicienne agricole
A1303,Ingénieur / Ingénieure agronome
A1401,Vendangeur / Vendangeuse
A1402,Aide horticole
A1403,Aide d'élevage agricole
A1404,Aquaculteur / Aquacultrice
A1405,Arboriculteur / Arboricultrice
A1406,Capitaine de pêche
A1407,Éleveur / Éleveuse de bovins
A1408,Éleveur / Éleveuse d'animaux
A1409,Aviculteur / Avicultrice
A1410,Éleveur / Éleveuse d'ovins
A1411,Éleveur / Éleveuse de porcins
B1101,Artiste Plasticien / Plasticienne
B1201,Céramiste d'art
B1301,Étalagiste
B1302,Décorateur / Décoratrice d'objets d'art
B1303,Graveur / Graveuse d'art
B1401,Vannier / Vannière
A1101,Conducteur / Conductrice d'engins agricoles
D1205,Employé / Employée de pressing
D1206,Cordonnier / Cordonnière
D1207,Retoucheur / Retoucheuse en habillement
D1208,Esthéticien / Esthéticienne
D1209,Fleuriste
D1210,Vendeur / Vendeuse en animalerie
D1211,Vendeur / Vendeuse d'articles de sport et loisirs
D1212,Vendeur / Vendeuse en équipement de la maison
B1402,Relieur / Relieuse d'art
B1501,Facteur / Factrice d'instruments de musique
B1601,Métallier / Métallière d'art
B1602,Souffleur / Souffleuse de verre
B1603,Opérateur / Opératrice en orfèvrerie et bijouterie
B1604,Horloger / Horlogère
C1301,Trader
C1302,Gestionnaire des opérations sur les marchés financiers
C1104,Responsable d'agence en assurances
C1105,Actuaire
C1106,Expert / Experte risques en assurances
C1107,Chargé / Chargée d'indemnisations en assurances
C1108,Responsable de département en assurances
C1109,Gestionnaire en assurances
C1110,Souscripteur / Souscriptrice en assurances
C1201,Chargé / Chargée d'accueil en banque
C1202,Analyste de crédits et risques bancaires
C1203,Chargé / Chargée d'affaires bancaires entreprise
C1204,Gestionnaire de produits bancaires
C1205,Conseiller / Conseillère en gestion de patrimoine
C1206,Conseiller / Conseillère de clientèle bancaire
C1207,Directeur / Directrice d'agence bancaire
D1213,Vendeur / Vendeuse grossiste de matériels et équipements
D1214,Vendeur / Vendeuse en prêt-à-porter
D1301,Responsable de magasin
D1401,Assistant commercial / Assistante commerciale
D1402,Commercial / Commerciale grands comptes et entreprises
D1403,Commercial / Commerciale auprès des particuliers
D1404,Commercial / Commerciale en automobiles
D1405,Conseiller / Conseillère en information médicale
D1406,Responsable des ventes
D1407,Technico-commercial / Technico-commerciale
F1603,Plombier / Plombière
C1303,Gérant / Gérante de portefeuille financier
C1401,Agent administratif / Agente administrative banque ou assurance
C1501,Gestionnaire de copropriété
C1502,Chargé / Chargée de gestion locative en immobilier
C1503,Chargé / Chargée d'affaires immobilières
B1701,Taxidermiste
B1801,Chapelier / Chapelière
B1802,Maroquinier / Maroquinière
B1803,Couturier / Couturière
B1804,Brodeur / Brodeuse
B1805,Styliste
B1806,Tapissier / Tapissière d'ameublement
C1101,Chargé / Chargée de produit en assurances
C1102,Conseiller / Conseillère en assurances
C1103,Courtier / Courtière en assurance
D1103,Charcutier-traiteur / Charcutière-traiteuse
D1104,Pâtissier / Pâtissière
D1105,Poissonnier / Poissonnière
D1106,Épicier / Épicière
D1107,Grossiste en produits frais
D1201,Brocanteur / Brocanteuse
D1202,Coiffeur / Coiffeuse
D1203,Agent thermal / Agente thermale
D1204,Loueur / Loueuse de véhicules
D1507,Employé / Employée de libre-service
D1508,Responsable de caisses
D1509,Responsable de département en grande distribution
E1101,Animateur / Animatrice de communauté virtuelle
E1102,Écrivain / Écrivaine
E1103,Chargé / Chargée des relations publiques
E1104,Concepteur / Conceptrice de contenus multimedia
E1105,Éditeur / Éditrice
F1106,Ingénieur / Ingénieure d'études BTP
F1107,Géomètre-topographe
E1303,Responsable d'atelier d'impression
E1304,Agent / Agente de façonnage et routage
E1305,Correcteur / Correctrice
E1306,Opérateur / Opératrice de prépresse
E1307,Reprographe
E1308,Technicien / Technicienne des industries graphiques
E1401,Chef / Cheffe de publicité
E1402,Média Planneur / Planneuse
F1101,Architecte
F1102,Architecte d'intérieur
F1103,Diagnostiqueur / Diagnostiqueuse immobilier
F1104,Dessinateur / Dessinatrice du BTP
F1105,Géologue
C1504,Conseiller / Conseillère immobilier
D1101,Boucher / Bouchère
D1102,Boulanger / Boulangère
F1402,Extracteur / Extractrice de roches
F1501,Poseur / Poseuse de charpentes ou constructions bois
F1502,Échafaudeur / Échafaudeuse
F1503,Charpentier / Charpentière
F1601,Plâtrier / Plâtrière
F1602,Électricien / Électricienne du bâtiment
F1302,Conducteur / Conductrice d'engins de chantier
F1108,Métreur / Métreuse de la construction
F1201,Conducteur / Conductrice de travaux
F1202,Chef / Cheffe de chantier
F1203,Responsable d'exploitation de gisements et de carrières
F1204,Animateur / Animatrice QSE - Qualité Sécurité Environnement BTP
F1301,Grutier / Grutière
E1106,Journaliste
E1107,Chef / Cheffe de projet événementiel
E1108,Traducteur / Traductrice
E1201,Photographe
E1202,Employé / Employée de laboratoire cinématographique
E1203,Développeur / Développeuse de photographies
E1204,Projectionniste
E1205,Graphiste
E1301,Conducteur / Conductrice de machines d'impression
E1302,Conducteur / Conductrice de machines de façonnage routage
F1604,Plaquiste
D1408,Téléconseiller / Téléconseillère
D1501,Animateur / Animatrice des ventes
D1502,Chef / Cheffe de rayon alimentaire
D1503,Chef / Cheffe de rayon de produits non alimentaires
D1504,Directeur / Directrice de magasin
D1505,Caissier / Caissière
D1506,Marchandiseur / Marchandiseuse
H1102,Ingénieur / Ingénieure d'affaires en industrie
H1201,Coloriste en industrie
H1202,Dessinateur / Dessinatrice en électricité-électronique
H1203,Dessinateur-projeteur / Dessinatrice-projeteuse en mécanique
H1204,Designer industriel / Designeuse industrielle
H1205,Modéliste en industrie
H1206,Ingénieur / Ingénieure R&D en industrie
F1605,Électricien / Électricienne réseaux
F1606,Peintre en bâtiment
F1607,Menuisier / Menuisière aluminium
F1608,Carreleur / Carreleuse
F1609,Solier / Solière
F1610,"Installateur mainteneur / Installatrice mainteneuse en systèmes solaires, thermiques et photovoltaïques"
F1611,Façadier / Façadière
G1502,Employé / Employée d'hôtel
G1503,Gouvernant / Gouvernante d'hôtel
G1202,Animateur / Animatrice d'activités culturelles et de loisirs
G1203,Animateur / Animatrice auprès des jeunes
G1204,Éducateur sportif / Éducatrice sportive
G1205,Opérateur / Opératrice d'attraction
G1206,Croupier / Croupière
G1301,Chef / Cheffe de produit touristique
G1302,Yield manager
G1303,Agent / Agente de voyages
G1401,Adjoint / Adjointe de direction en hôtellerie-restauration
G1402,Directeur / Directrice d'établissement en hôtellerie-restauration
G1403,Directeur / Directrice de structure touristique
G1404,Responsable d'établissement de restauration collective
G1501,Employé / Employée d'étage
G1804,Sommelier / Sommelière
H1101,Ingénieur / Ingénieure support technique
H1207,Rédacteur / Rédactrice technique
H1208,Automaticien / Automaticienne en bureau d'études
H1209,Technicien / Technicienne études électroniques
H1210,Technicien / Technicienne R&D
H1301,Inspecteur / Inspectrice de conformité
H1302,Responsable Hygiène Sécurité Environnement (HSE) en industrie
H1401,Responsable ordonnancement-lancement-planification en industrie
G1601,Chef / Cheffe de cuisine
G1602,Commis / Commise de cuisine
G1603,Équipier polyvalent / Équipière polyvalente de restauration rapide
G1604,Pizzaïolo / Pizzaïola
G1605,Plongeur officier / Plongeuse officière de cuisine
G1701,Concierge d'hôtel
F1612,Tailleur / Tailleuse de pierre
F1613,Étancheur / Étancheuse
F1701,Coffreur / Coffreuse
F1702,Ouvrier / Ouvrière en voiries
F1703,Maçon / Maçonne
F1704,Manœuvre bâtiment
F1705,Poseur / Poseuse de canalisations
F1706,Armaturier / Armaturière de l'industrie du béton
G1101,Agent / Agente d'accueil touristique
G1102,Chargé / Chargée de promotion touristique
G1201,Guide-accompagnateur / Guide-accompagnatrice
F1401,Foreur / Foreuse
G1702,Bagagiste en établissement hôtelier
G1703,Réceptionniste
G1801,Barman / Barmaid
G1802,Maître / Maîtresse d'hôtel
G1803,Serveur / Serveuse en restauration
H1303,"Technicien / Technicienne en Hygiène, Sécurité, Environnement industriel (HSE)"
H1504,Contrôleur / Contrôleuse technique en électricité-électronique
H1505,Nez
H1506,Contrôleur / Contrôleuse technique en métallurgie
H2101,Ouvrier / Ouvrière d'abattoir
H2102,Conducteur / Conductrice de ligne en industrie alimentaire
H2201,Assembleur / Assembleuse d'ouvrages en bois
H2412,Patronnier / Patronnière
H2413,Opérateur / Opératrice de préparation en industrie textile
H2301,Conducteur / Conductrice de ligne en industrie chimique
H2401,"Opérateur / Opératrice de fabrication industrie des cuirs, peaux et matériaux associés"
H2402,Couturier industriel / Couturière industrielle de l'habillement
H2403,Conducteur / Conductrice de machines de fabrication de produits textiles
H2404,Conducteur / Conductrice de machine de production et transformation des fils
H2405,Conducteur / Conductrice de ligne de production de textiles non-tissés
H2406,Conducteur / Conductrice de machines de traitement textile
H2407,Opérateur / Opératrice sur machine de transformation et de finition des cuirs et peaux
H2408,Imprimeur / Imprimeuse textile
H2409,Coupeur / Coupeuse en industrie textile et matériaux souples
H2410,Opérateur / Opératrice de finition en industrie du textile
H2411,Monteur / Monteuse prototypiste cuir et matériaux souples
H2504,Chef / Cheffe d'équipe en industrie
H2505,Chef / Cheffe d'équipe et d'atelier textile
H2601,Bobinier / Bobinière en électricité
H2602,Câbleur / Câbleuse d'armoires
H2603,Opérateur / Opératrice sur machines automatisées en production électrique
H2604,Assembleur / Assembleuse en produits électriques et électroniques
H2605,Monteur-câbleur / Monteuse-câbleuse en électronique
I1202,Agent / Agente d'entretien de la voirie
I1203,Agent / Agente d'entretien du bâtiment
H2414,"Opérateur / Opératrice de préparation ou de finition sur articles de cuirs, peaux ou matériaux associés"
H2415,Contrôleur / Contrôleuse en industrie textile
H2501,Chef / Cheffe d'atelier production électricité-électronique
H2502,Responsable d'unité de production industrielle
H2503,Responsable d'îlot de production
I1201,Afficheur / Afficheuse
H2202,Conducteur / Conductrice de machines à bois
H2203,Machiniste en fabrications de panneaux de bois
H2204,Contremaître / Contremaîtresse en menuiserie
H2205,Ouvrier / Ouvrière de scierie
H2206,Menuisier / Menuisière
H2207,Ébéniste
H2208,Sculpteur / Sculptrice sur bois
H2209,Dessinateur / Dessinatrice de structures en bois
H1402,Ingénieur / Ingénieure méthodes et process
H1403,Gestionnaire de flux de production
H1404,Technicien / Technicienne méthodes
H1501,Ingénieur / Ingénieure d'analyse industrielle
H1502,Responsable qualité en industrie
H1503,Technicien / Technicienne de laboratoire en industrie
I1309,Électricien / Électricienne de maintenance
I1310,Mécanicien / Mécanicienne de maintenance industrielle
I1401,Technicien / Technicienne de maintenance en informatique
I1402,Technicien / Technicienne SAV
I1501,Cordiste
H2701,Technicien / Technicienne énergie
H2801,Agent / Agente de fabrication du verre
H2802,Opérateur / Opératrice de fabrication en matériaux de construction
H2803,Opérateur / Opératrice de production en céramique
H2804,Pilote de centrale de béton
H2805,Technicien / Technicienne de l'industrie du verre
H2901,Ajusteur-monteur / Ajusteuse-monteuse
H3303,Cuisinier / Cuisinière en industrie chimique
H3401,Opérateur / Opératrice de traitement d'abrasion de surface
H2911,Métallier / Métallière
H2912,Régleur / Régleuse d'équipements industriels
H2913,Soudeur / Soudeuse
H2914,Tuyauteur / Tuyauteuse
H3101,Conducteur / Conductrice de machines à papier ou carton
H3102,Conducteur / Conductrice d'installation de pâte à papier
H3201,Plasturgiste
H3202,Monteur régleur / Monteuse régleuse en plasturgie
H3203,Mouleur-stratifieur / Mouleuse-stratifieuse
H3301,Conducteur / Conductrice de ligne de conditionnement
H3302,Agent / Agente de conditionnement
I1503,Technicien / Technicienne en risques technologiques
I1601,Préparateur / Préparatrice de bateau
I1602,Mécanicien / Mécanicienne aéronautique
I1603,Mécanicien-réparateur / Mécanicienne-réparatrice en matériels agricoles
I1604,Mécanicien / Mécanicienne automobile
I1605,Mécanicien / Mécanicienne en mécanique marine/navale
I1307,Installateur / Installatrice fibre optique
I1606,Carrossier-peintre / Carrossière-peintre
I1607,Mécanicien / Mécanicienne motocycles
H3402,Agent / Agente de traitement de surface
H3403,Opérateur / Opératrice de traitement thermique
H3404,Peintre industriel / Peintre industrielle
I1101,Directeur / Directrice des travaux bâtiment
I1102,Ingénieur / Ingénieure de maintenance industrielle
I1103,Chef d'atelier automobile
H2902,Chaudronnier / Chaudronnière
H2903,Tourneur-fraiseur / Tourneuse-fraiseuse
H2904,Forgeron industriel / Forgeronne industrielle
H2905,Cisailleur / Cisailleuse en métallurgie
H2906,Opérateur / Opératrice en fabrication mécanique
H2907,Fondeur / Fondeuse en métallurgie
H2908,Modeleur / Modeleuse
H2909,Assembleur monteur / Assembleuse monteuse
H2910,Mouleur noyauteur / Mouleuse noyauteuse
I1301,Ascensoriste
I1302,Technicien / Technicienne de maintenance d'installations automatisées
I1303,Technicien / Technicienne de maintenance de distributeurs automatiques
I1304,Technicien / Technicienne de maintenance industrielle
I1305,Électronicien / Électronicienne de maintenance
I1306,Frigoriste
I1502,Scaphandrier / Scaphandrière
I1308,Technicien / Technicienne chauffagiste
J1303,Assistant médical / Assistante médicale
J1304,Auxiliaire de puériculture
J1305,Ambulancier / Ambulancière
J1306,Manipulateur / Manipulatrice en radiologie
J1307,Préparateur / Préparatrice en pharmacie
J1401,Audioprothésiste
K1206,Animateur socioculturel / Animatrice socioculturelle
K1207,Éducateur spécialisé / Éducatrice spécialisée
K1301,Accompagnateur médicosocial / Accompagnatrice médicosociale
J1502,Cadre de santé d'unité de soins ou de service paramédical
J1503,Infirmier / Infirmière anesthésiste (IADE)
J1504,Infirmier / Infirmière de bloc opératoire (IBODE)
J1505,Infirmier / Infirmière de prévention
J1506,Infirmier / Infirmière en soins généraux (IDE)
J1507,Infirmier / Infirmière en puériculture
K1101,Médiateur familial / Médiatrice familiale
K1102,Mandataire judiciaire à la protection des majeurs
K1103,Coach en développement personnel
K1104,Psychologue
K1201,Assistant social / Assistante sociale
K1202,Éducateur / Éducatrice de jeunes enfants
K1203,Éducateur technique spécialisé / Éducatrice technique spécialisée
K1204,Médiateur social / Médiatrice sociale
K1205,Agent / Agente d'accueil social
K1404,Chargé / Chargée de mission développement territorial
K1405,Préfet / Préfète
K1501,Agent / Agente de constatation des douanes
K1502,Inspecteur / Inspectrice du travail
K1503,Contrôleur / Contrôleuse des impôts
K1504,Régisseur / Régisseuse de recettes
K1505,Inspecteur / Inspectrice des douanes
K1403,"Directeur / Directrice de structure de santé, sociale ou pénitentiaire"
K1302,Assistant / Assistante de vie dépendance
K1303,Garde d'enfant à domicile
K1304,Employé familial / Employée familiale de maison
K1401,Cadre Dirigeant / Dirigeante d'administration centrale
K1402,Médecin conseil
J1402,Diététicien / Diététicienne
J1403,Ergothérapeute
J1404,Kinésithérapeute
J1405,Opticien / Opticienne
J1406,Orthophoniste
J1407,Orthoptiste
J1408,Ostéopathe
J1409,Podologue
J1410,Prothésiste dentaire
J1411,Orthoprothésiste
J1412,Psychomotricien / Psychomotricienne
J1501,Aide-soignant / Aide-soignante
J1101,Médecin du travail et de prévention
J1102,Médecin généraliste
J1103,Dentiste
J1104,Homme sage-femme / Sage-femme
J1201,Biologiste médical / Biologiste médicale
J1202,Pharmacien / Pharmacienne
J1301,Agent / Agente de service hospitalier (ASH)
J1302,Technicien / Technicienne de laboratoires d'analyses médicales
L1202,Musicien / Musicienne
L1203,Comédien / Comédienne
L1204,Artiste de cirque
L1301,Metteur / Metteuse en scène
L1302,Producteur / Productrice de film
L1303,Agent / Agente de talent
K1601,Documentaliste
K1602,Conservateur / Conservatrice du patrimoine
K1701,Militaire du rang Combattant / Combattante
K1702,Responsable de sécurité civile et de secours
K1703,Responsable Opérationnel / Opérationnelle de la défense
K1704,Officier / Officière de police
K1705,Secouriste
K1706,Agent / Agente de la force publique
K2302,Directeur / Directrice collecte des déchets
K2303,Ripeur / Ripeuse
K2304,Agent / Agente de tri des déchets
K2105,Professeur / Professeure de musique
K2106,Professeur / Professeure des écoles
K2107,Professeur / Professeure de collège et de lycée
K2108,Professeur / Professeure des universités
K2109,Professeur / Professeure d'enseignement professionnel
K2110,Moniteur / Monitrice d'auto-école
K2111,Formateur / Formatrice
K2112,Conseiller / Conseillère d'orientation
K2201,Blanchisseur industriel / Blanchisseuse industrielle
K2202,Laveur / Laveuse de vitres
K2203,Responsable de site nettoyage de locaux
K2204,Agent / Agente de nettoyage industriel
K2301,Agent / Agente d'assainissement
L1201,Danseur / Danseuse
L1304,Réalisateur / Réalisatrice
L1401,Sportif professionnel / Sportive professionnelle
L1501,Maquilleur / Maquilleuse spectacle
L1502,Costumier / Costumière
L1503,Accessoiriste
L1504,Éclairagiste
K2305,Agent / Agente de désinsectisation
K2306,Responsable de site éco-industriel
K2401,Chercheur / Chercheuse en sciences humaines et sociales
K2402,Ingénieur / Ingénieure de recherche scientifique
K2501,Gardien / Gardienne
K1707,Policier municipal / Policière municipale
K1801,Conseiller / Conseillère en insertion professionnelle
K1802,Chargé / Chargée de développement local
K1901,Notaire
K1902,Clerc de notaire
K1903,Juriste
K1904,Juge
K2101,Conseiller / Conseillère en formation
K2102,Responsable pédagogique
K2103,Chef / Cheffe d'établissement
K2104,Surveillant / Surveillante en milieu scolaire
K2503,Agent / Agente de prévention et de sécurité
K2601,Porteur / Porteuse funéraire
K2602,Conseiller / Conseillère funéraire
K2603,Thanatopracteur / Thanatopractrice
L1101,Disc-jockey
L1102,Mannequin
L1103,Animateur / Animatrice radio
L1505,Cadreur / Cadreuse
M1201,Analyste Financier / Financière
M1202,Expert-comptable / Experte-comptable
M1203,Comptable
M1204,Contrôleur / Contrôleuse de gestion
M1205,Directeur administratif et financier / Directrice administrative et financière -DAF-
M1206,Chef comptable
M1207,Trésorier / Trésorière
M1707,Responsable Commercial / Commerciale
M1601,Chargé / Chargée d'accueil
M1602,Agent administratif / Agente administrative
M1603,Facteur / Factrice
M1604,Assistant / Assistante de direction
M1605,Secrétaire technique
M1606,Opérateur / Opératrice de saisie
M1607,Secrétaire
M1608,Secrétaire comptable
M1609,Secrétaire médical / Secrétaire médicale
M1701,Responsable de l'administration des ventes
M1702,Planneur / Planneuse stratégique
M1703,Chef / Cheffe de produit
M1704,Responsable relation client (CRM)
M1705,Responsable marketing
M1706,Chef de promotion des ventes
K2502,Responsable sécurité de site
N1102,Déménageur / Déménageuse
N1103,Préparateur / Préparatrice de commandes
N1104,Pontier / Pontière
N1105,Manutentionnaire
N1201,Affréteur / Affréteuse
M1801,Administrateur / Administratrice de systèmes d'information (SI)
M1802,Expert / Experte systèmes et réseaux informatiques
M1803,Directeur / Directrice des services informatiques -DSI-
M1804,Ingénieur / Ingénieure télécoms
M1805,Développeur / Développeuse informatique
M1806,Product Owner
M1807,Opérateur / Opératrice télécom aux armées
M1301,Président Directeur Général / Présidente Directrice Générale -PDG-
M1302,Responsable de Petite ou Moyenne Entreprise -PME-
M1401,Enquêteur / Enquêtrice sondage
M1402,Consultant / Consultante en organisation et management
M1403,Chargé / Chargée d'études socio-économiques
M1404,Sondeur enquêteur / Sondeuse enquêtrice
M1501,Assistant / Assistante ressources humaines
M1502,Chargé / Chargée de recrutement
M1503,Directeur / Directrice des Ressources Humaines -DRH-
N1202,Employé / Employée de transit
L1506,Machiniste spectacle
L1507,Monteur / Monteuse vidéo
L1508,Régisseur / Régisseuse du son
L1509,Régisseur / Régisseuse de production
M1101,Acheteur / Acheteuse
M1102,Responsable des achats
G1208,Entraîneur / Entraîneure de sport professionnel et de haut niveau
G1209,Animateur / Animatrice de loisirs sportifs
F1110,Dessinateur / Dessinatrice enveloppe du bâtiment
F1615,Poseur / Poseuse de cloisons démontables et mobiles
F1616,Poseur / Poseuse de menuiseries extérieures
F1617,Poseur / Poseuse de véranda
F1618,Poseur / Poseuse de façade vitrée
C1208,Courtier / Courtière en banque
N1301,Responsable logistique
N1302,Responsable entrepôt logistique
N1303,Approvisionneur / Approvisionneuse logistique
N2101,Steward / Hôtesse de l'air
N2102,Pilote de ligne
N4105,Chauffeur-livreur / Chauffeuse-livreuse
N3101,Capitaine de port
N3102,Marin
N3103,Matelot de la navigation fluviale
N3201,Agent / Agente de port de plaisance
N3202,Responsable d'exploitation transport fluvial
N3203,Ouvrier / Ouvrière de manutention portuaire
N4101,Conducteur / Conductrice de poids lourd
N4102,Conducteur / Conductrice de transport de particuliers
N4103,Conducteur / Conductrice de bus
N4104,Coursier / Coursière
N4403,Cheminot / Cheminote
K1305,Technicien / Technicienne Intervention Sociale et Familiale (TISF)
L1510,Animateur / Animatrice 3D - films d'animation
A1412,Fromager-affineur / Fromagère-affineuse
F1614,Poseur / Poseuse en fermetures de bâtiment
D1409,Assistant / Assistante administration des ventes
F1109,Assistant / Assistante géomètre
N4201,Responsable d'agence transport routier de marchandises
N4202,Responsable d'exploitation transport routier de personnes
N4203,Agent / Agente d'intervention technique d'exploitation des transports routiers de marchandises
N4204,Agent / Agente d'exploitation transport routier de personnes
N4301,Conducteur / Conductrice de train
N2201,Agent / Agente d'escale
N2202,Contrôleur aérien / Contrôleuse aérienne
N2203,Agent / Agente de piste
N2204,Agent / Agente de trafic aérien
N2205,Chef / Cheffe d'escale
M1808,Cartographe
M1809,Météorologue
M1810,Technicien / Technicienne informatique
N1101,Cariste
N4302,Agent / Agente de contrôle
N4401,Aiguilleur / Aiguilleure du rail
N4402,Agent / Agente d'exploitation des remontées mécaniques
G1211,Analyste de la performance sportive
A1102,Conducteur / Conductrice d'engins d'exploitation forestière
A1304,Conseiller / Conseillère technique agricole
F1707,Maçon / Maçonne du paysage
A1418,Viticulteur / Viticultrice
F1708,Installateur-poseur / Installatrice-poseuse de piscines préfabriquées
A1419,Ouvrier agricole polyvalent / Ouvrière agricole polyvalente
A1420,Chef / Cheffe de culture responsable d'unité de production agricole
A1421,Palefrenier soigneur / Palefrenière soigneuse
G1210,Enseignant / Enseignante d'équitation
C1505,Responsable d'agence immobilière
D1410,Attaché commercial / Attachée commerciale
D1510,Chef / Cheffe de secteur commercial
E1109,Directeur / Directrice de la communication
F1111,Ingénieur / Ingénieure génie civil
F1112,Ingénieur / Ingénieure calcul et structure
K1307,Animateur / Animatrice petite enfance
K1308,Agent territorial spécialisé / Agente territoriale spécialisée des écoles maternelles (ATSEM)
M1405,Data scientist
M1811,Data engineer
M1812,Responsable de la Sécurité des Systèmes d'Information (RSSI)
G1212,Animateur socio-sportif / Animatrice socio-sportive
M1813,Intégrateur / Intégratrice logiciels métiers
G1213,Chargé / Chargée de développement d'activités sportives
B1612,Concepteur / Conceptrice numérique en bijouterie joaillerie
G1405,Directeur / Directrice de structure sportive
F1113,Chargé / Chargée d'affaires en rénovation énergétique
F1114,Conseiller / Conseillère en rénovation énergétique
F1620,Installateur / Installatrice chauffage et climatisation
G1608,Ecailler / Ecaillère
H1211,Attaché / Attachée de recherche clinique (ARC)
H1507,Chargé / Chargée des affaires réglementaires
K1309,Accueillant familial / Accueillante familiale auprès d'enfants
H2103,Opérateur / Opératrice de transformation des viandes
G1214,Directeur sportif / Directrice sportive
G1207,Surveillant / Surveillante de baignade
C1111,Mandataire en assurance
E1206,UX - UI Designer
F1619,Couvreur / Couvreuse
F1709,Démolisseur / Démolisseuse
G1606,Cuisinier / Cuisinière de collectivité
G1607,Employé / Employée de restauration collective
J1105,Médecin coordonnateur
J1308,Brancardier / Brancardière
J1309,Agent / Agente de stérilisation de service hospitalier
K1306,Auxiliaire de Vie Sociale (AVS)
F1205,Responsable de travaux BTP
K1310,Assistant maternel agréé / Assistante maternelle agréée
K1406,Secrétaire de mairie
K2113,Accompagnant / Accompagnante des élèves en situation de handicap (AESH)
K2403,Biostatisticien / Biostatisticienne
K2504,Agent / Agente de sécurité événementielle
B1605,Bijoutier / Bijoutière
B1607,Lapidaire / Diamantaire
G1216,Moniteur / Monitrice de sport nature
G1217,Moniteur / Monitrice en salle de sport
B1608,Opérateur / Opératrice en bijouterie
H3405,Polisseur / Polisseuse en bijouterie ou joaillerie ou orfèvrerie
H3406,Opérateur / Opératrice en polissage de bijouterie ou d'orfèvrerie
C1112,Agent général / Agente générale d'assurance
G1218,Préparateur / Préparatrice physique
B1609,Responsable d'atelier en bijouterie ou joaillerie
B1610,Sertisseur / Sertisseuse en bijouterie ou joaillerie
B1611,Trieur / Trieuse de pierres et perles
G1215,Educateur sportif / Educatrice sportive Santé
B1606,Joaillier / Joaillière
K2116,Responsable d'unité d'enseignement de la conduite de véhicule
M1822,Ingénieur / Ingénieure systèmes et réseaux informatiques
G1809,Barista
F1122,Ingénieur / Ingénieure Chantier nucléaire
I1204,Agent / Agente d'entretien des piscines
H2418,Opérateur / Opératrice sur machine de production et transformation des fils
L1205,Artiste-interprète
B1304,Artisan démonstrateur / Artisane démonstratrice
K1605,Commissaire d'exposition
I1613,Mécanicien / Mécanicienne des véhicules des transports routiers
A1207,Chef / Cheffe d'équipe d'entretien d'espaces naturels
A1208,Jardinier / Jardinière paysagiste
H2419,Passementier / Passementière en industrie textile
K2505,Enquêteur privé / Enquêtrice privée
N1205,Responsable de service transit
K2404,Chargé / Chargée de recherche
M1708,Directeur / Directrice de l'accès au marché
M1709,Chef / Cheffe de gamme
D1411,Responsable Efficacité Commerciale (SFE)
G1220,Educateur sportif / Educatrice sportive spécialisé(e) en activités physiques et sportives adaptées
H1213,Responsable du développement clinique
I1311,Technicien / Technicienne installation réseaux câblés fibre optique
H1510,Technicien / Technicienne de laboratoire de contrôle
H1214,Agent / Agente de laboratoire de recherche industrielle
H1212,Ingénieur / Ingénieure brevet en industrie
H1215,"Bioinformaticien / Bioinformaticienne en études, recherche et développement"
M1610,Intendant / Intendante du sport
G1219,Recruteur sportif / Recruteuse sportive
L1402,Arbitre professionnel / Professionnelle de discipline sportive
M1711,Directeur / Directrice du marketing
H1511,Chargé / Chargée de validation-qualification
H1216,Responsable des études épidémiologiques
H1217,Technicien / Technicienne formulation
M1406,Responsable RSE - Responsabilité Sociétale de l'Entreprise
M1504,Responsable formation professionnelle en entreprise
K2114,Formateur / Formatrice qualité
K1709,Commissaire de police
M1505,Chargé / Chargée de formation en entreprise
K1603,Bibliothécaire
N1106,Agent / Agente de quai manutentionnaire
J1106,Responsable médical / Responsable médicale en région (RMR-MSL)
M1710,Responsable régional / Responsable régionale des relations scientifiques médicales
H1512,Directeur / Directrice de zone
M1408,Responsable des études pharmaco-économiques
K1311,Assistant / Assistante de vie aux familles
K1312,Accueillant familial / Accueillante familiale thérapeutique auprès d'adultes
H1509,Responsable des affaires règlementaires
M1712,Directeur / Directrice de l'information promotionnelle du médicament
A1423,Œnologue
H1218,Responsable de projet recherche et développement
M1407,Responsable de la veille scientifique et technique
H1220,Responsable formulation
H1104,Directeur / Directrice des affaires médicales pharmaceutiques
H1222,Responsable médical / Responsable médicale des études cliniques
K1407,Directeur / Directrice d'établissement médicosocial
K1408,Responsable de secteur d'aide à domicile
K1409,Responsable de structure sanitaire et sociale
J1509,Responsable de secteur coordinateur / Responsable de secteur coordinatrice
J1508,Infirmier / Infirmière en Pratique Avancée (IPA)
D1412,Délégué médical hospitalier / Déléguée médicale hospitalière
J1510,Infirmier coordinateur / Infirmière coordinatrice (IDEC)
G1609,Cuisinier / Cuisinière
H1508,Assureur / Assureuse qualité industrie
H1515,Auditeur / Auditrice qualité en industrie
H1519,Responsable éthique-déontologie-conformité
K2406,Directeur / Directrice de recherche
N4106,Commis coursier / Commise coursière en douane
G1704,Agent / Agente de réservation en hôtellerie
H1224,Technicien / Technicienne de laboratoire de recherche-développement
H1517,Responsable de laboratoire de contrôle en industrie pharmaceutique
H1518,Responsable assurance qualité en industrie
G1610,Pâtissier / Pâtissière de restaurant
G1103,Directeur / Directrice de parc régional
N1203,Technicien / Technicienne gestion douanière
N4108,Chauffeur accompagnateur / Chauffeuse accompagnatrice de personnes à mobilité réduite
J1203,Directeur / Directrice de laboratoire d'analyses vétérinaires
G1221,Responsable des attractions
G1407,Économe en hôtellerie-restauration
N1304,Directeur / Directrice logistique
N1204,Coordinateur / Coordinatrice transit -import/export-
I1403,Technicien / Technicienne Datacenter
M1816,Technicien / Technicienne réseaux informatiques et télécoms
H1516,Expert / Experte métrologue
H1521,Technicien / Technicienne de validation-qualification
N4110,Releveur / Releveuse de compteurs
N4107,Conducteur livreur / Conductrice livreuse de béton prêt à l'emploi
N4111,Conducteur / Conductrice super poids lourd de l'armée
I1610,Responsable atelier carrosserie
G1224,Maître-nageur sauveteur / Maître-nageuse sauveteuse
D1215,Posticheur / Posticheuse
D1216,Coiffeur barbier / Coiffeuse barbière
H1304,Responsable environnement-hygiène-sécurité en industrie
H1306,Ingénieur / Ingénieure sûreté en industrie nucléaire
F1120,Économiste de la construction
N4113,Conducteur routier international / Conductrice routière internationale
H1305,Vérificateur / Vérificatrice de conformité industrielle
I1205,Installateur vérificateur / Installatrice vérificatrice d'extincteurs
H2416,Gainier industriel / Gainière industrielle
H2703,Technicien / Technicienne de maintenance de batteries de véhicules électriques
G1225,Ouvreur / Ouvreuse de salle de spectacles
M1409,Ingénieur / Ingénieure économiste en entreprise
M1819,Ingénieur / Ingénieure sécurité informatique
M1814,Scrum Master
M1818,Ingénieur / Ingénieure d'étude informatique
M1820,Expert / Experte méthodes et qualité informatique
M1815,Spécialiste test et validation logiciel ou application
M1840,Directeur / Directrice de projets des territoires connectés
D1419,Courtier / Courtière en vins
I1616,Mécanicien / Mécanicienne d'engins de chantier et de travaux publics
F1622,Monteur / Monteuse en éclairage public
F1623,Monteur / Monteuse installation réseaux mobiles
H2302,Conducteur / Conductrice de procédé de fabrication
H2303,Opérateur / Opératrice de fabrication en industrie pharmaceutique
I1313,Hydraulicien industriel / Hydraulicienne industrielle
I1316,"Technicien / Technicienne de maintenance Chauffage, Ventilation et Climatisation - CVC"
H2508,Ingénieur / Ingénieure exploitation nucléaire
H1225,Ingénieur / Ingénieure développement nucléaire
F1206,Chef / Cheffe d'équipe bâtiment
K2310,Ambassadeur / Ambassadrice du tri
H2607,Chef / Cheffe d'équipe d'atelier de bobinage en électricité
H2608,Bobinier / Bobinière en matériels électroniques
K1313,Employé / Employée au pair
M1827,Ingénieur / Ingénieure DevOps
A1209,Élagueur / Élagueuse
H1103,Responsable d'affaires en industrie
H1221,Responsable des partenariats de recherche
M1411,Responsable d'enquêtes
K1604,Directeur / Directrice d'établissement culturel
I1612,Technicien expert / Technicienne experte après-vente automobile
C1113,Expert / Experte en assurances dommages automobile
G1233,Préparateur mental / Préparatrice mentale du sport
N1113,Préparateur / Préparatrice au drive
M1835,Architecte systèmes et réseaux des territoires connectés
M1848,Analyste Concepteur / Conceptrice informatique
D1221,Vendeur / Vendeuse de produits culturels et ludiques
H1405,Responsable supply chain en industrie
N1112,Chef cariste / Cheffe cariste
N1206,Courtier / Courtière affrètement maritime
N1207,Chef / Cheffe de groupe affrètement
N4126,Chauffeur / Chauffeuse porte voitures
N4124,Conducteur / Conductrice de taxi moto
G1406,Directeur / Directrice d'équipement sportif
K1606,Responsable de la conservation préventive
G1408,Directeur / Directrice de structure d'hébergement touristique
H2606,Monteur-bobinier / Monteuse-bobinière en électricité
A1506,Soigneur animalier / Soigneuse animalière
A1426,Éducateur canin / Éducatrice canine
G1104,Consultant / Consultante tourisme
G1105,Directeur / Directrice d'office du tourisme
A1427,Goémonier / Goémonière
A1212,Chef / Cheffe d'équipe de travaux forestiers
K1211,Conseiller / Conseillère d'Insertion et de Probation -CIP-
H2420,Repasseur / Repasseuse en industrie textile et de l'habillement
H2427,Effileur / Effileuse en dentelles
M1817,Administrateur / Administratrice sécurité informatique
M1830,Administrateur / Administratrice réseaux - télécoms
M1834,Administrateur / Administratrice de site Web
G1414,Directeur / Directrice d'exploitation de site de divertissement
L1512,Régisseur / Régisseuse de spectacles
L1305,Directeur / Directrice artistique spectacle
D1222,Masseur / Masseuse bien-être
K1212,Ministre du culte
B1613,Orfèvre
B1615,Orfèvre tourneur repousseur / Orfèvre tourneuse repousseuse
E1207,Motion designer
D1217,Socio-coiffeur / Socio-coiffeuse
M1821,Analyste d'application informatique
M1824,Développeur / Développeuse décisionnel - Business Intelligence
M1831,Développeur / Développeuse - jeux vidéo
L1207,Cascadeur / Cascadeuse
I1312,Technicien / Technicienne réseaux mobiles
M1843,Administrateur / Administratrice de serveurs
M1849,Administrateur / Administratrice de messagerie
A1424,Pisciculteur / Piscicultrice
A1428,Algoculteur / Algocultrice
A1430,Ouvrier / Ouvrière aquacole
A1431,Ouvrier / Ouvrière piscicole
M1850,Architecte multimédias interactifs
M1837,Développeur / Développeuse multimédia
H3407,Metteur au bain / Metteuse au bain argenture - dorure en orfèvrerie
H3408,Metteur au point polisseur / Metteuse au point polisseuse sur matrice en orfèvrerie
H2104,Fromager industriel / Fromagère industrielle
G1228,Guide de haute montagne
I1104,Ingénieur / Ingénieure infrastructures télécoms réseaux mobiles
K2405,Attaché / Attachée de recherche clinique en milieu hospitalier
J1110,Médecin légiste
I1615,Dépanneur-remorqueur / Dépanneuse-remorqueuse de véhicules
I1617,Contrôleur / Contrôleuse technique de véhicules
G1222,Guide-conférencier / Guide-conférencière
G1106,Animateur / Animatrice du patrimoine
N4115,Conducteur / Conductrice de véhicules Super Lourds
N4116,Conducteur / Conductrice de camion-benne
M1842,Qualiticien / Qualiticienne logiciel en informatique
M1851,Analyste décisionnel - Business Intelligence
K2308,Opérateur / Opératrice de tri en récupération et revalorisation
H2426,Chef(fe) d'équipe en atelier de coupe
H2705,Pilote de ligne de production de composants et de cellules pour batteries de véhicules électriques
E1110,Community manager
E1111,Game master jeux online
K1723,Conducteur / Conductrice Véhicule Léger de l'armée
G1411,Directeur / Directrice d'hôtel
F1710,Magasinier / Magasinière en négoce des matériaux de construction
D1413,Délégué / Déléguée pharmaceutique
A1505,Animalier / Animalière de laboratoire
A1422,Caviste de chai
H1514,Chargé / Chargée de pharmacovigilance
N4118,Conducteur / Conductrice enlèvement de déchets
A1210,Ouvrier forestier / Ouvrière forestière
M1832,Homologateur / Homologatrice fonctionnel de logiciel
N1109,Éclusier-barragiste / Éclusière-barragiste
H2506,Chef / Cheffe de production en industrie agroalimentaire
H2507,Responsable de ligne de production industrielle
H1106,Responsable support technique clients
M1852,Analyste d'étude informatique
M1838,Urbaniste des systèmes d'information
M1853,Chef / Cheffe de projet étude et développement informatique
K1105,Art thérapeute
H2704,Technicien démonteur / Technicienne démonteuse de batteries de véhicules électriques
H2422,Tapissier industriel / Tapissière industrielle
I1614,Préparateur / Préparatrice en peinture automobile
H1219,Responsable opérationnel / Responsable opérationnelle des études cliniques
H1223,Coordinateur / Coordinatrice d'études cliniques
M1714,Chargé / Chargée de l'information promotionnelle du médicament
F1621,Ramoneur / Ramoneuse
K2407,Climatologue
K1906,Délégué / Déléguée à la protection des données - Data Protection Officer
G1706,Chef / Cheffe de réception en hôtellerie
I1107,Responsable d'atelier de mécanique parcs et jardins
I1618,Mécanicien / Mécanicienne en matériels motorisés de parcs et jardins
I1619,Mécanicien / Mécanicienne cycles
M1716,Responsable marketing digital
J1107,Médecin scolaire
J1109,Médecin de la Protection Maternelle et Infantile -PMI-
N4114,Conducteur livreur avitailleur / Conductrice livreuse avitailleuse en carburant
I1611,Préparateur / Préparatrice de véhicules automobiles
M1833,Ingénieur / Ingénieure sécurité web
M1856,Expert / Experte en cybersécurité
B1102,Mosaïste d'art
F1624,Staffeur Stuqueur / Staffeuse Stuqueuse
A1206,Concepteur / Conceptrice paysagiste
B1103,Sculpteur / Sculptrice ornemaniste sur pierre
A1213,Conducteur / Conductrice de travaux forestiers
H2417,Chef / Cheffe de rame textile
A1425,Ramendeur / Ramendeuse
N1108,Conducteur / Conductrice de grue mobile
J1204,Directeur / Directrice de laboratoire d'analyses de biologie médicale
M1611,Secrétaire Facturier / Facturière
M1825,Coordinateur / Coordinatrice de production web
G1227,Guide-interprète
I1506,Chef / Cheffe d'équipe cordiste
N4120,Chauffeur-livreur préparateur / Chauffeuse-livreuse préparatrice de commandes
M1613,Télésecrétaire
N1110,Magasinier / Magasinière
G1707,Responsable de vestiaire
M1836,Ingénieur concepteur / Ingénieure conceptrice informatique
G1409,Manager en restauration rapide
H2425,Fileur / Fileuse en industrie textile
K1711,Surveillant pénitentiaire / Surveillante pénitentiaire
N4122,Conducteur convoyeur / Conductrice convoyeuse de véhicule
N4125,Conducteur / Conductrice de transport animalier
G1708,Voiturier / Voiturière
N4131,Chauffeur / Chauffeuse de direction
M1616,Steward / Hôtesse au sol
N1115,Opérateur / Opératrice logistique en entrepôt
K1719,Chef / Cheffe de police municipale
N1116,Agent / Agente de quai réceptionnaire
K1210,Éducateur / Éducatrice de la protection judiciaire de la jeunesse
K1905,Huissier / Huissière de justice
M1612,Assistant / Assistante de service juridique
K2307,Agent / Agente de propreté urbaine
G1806,Chef sommelier / Cheffe sommelière
M1208,Responsable contrôle de gestion
M1209,Conseiller / Conseillère en gestion
A1429,Apiculteur / Apicultrice
K1712,Conducteur / Conductrice de véhicule de combat
K1713,Tireur / Tireuse d'engin blindé
K1714,Missilier / Missilière artillerie
M1828,Chef de projet / Cheffe de projet (Project Management Officer)
K1715,Officier / Officière des forces armées
M1826,Ingénieur / Ingénieure supervision IT Datacenter
M1839,Architecte systèmes et réseaux
K1908,Responsable de service contentieux et recouvrement
K2408,Mathématicien / Mathématicienne
K2409,Astronome
K2410,Astrophysicien / Astrophysicienne
L1513,Scénographe
G1611,Steward / Hôtesse de train
M1857,Urbaniste Datacenter
E1112,Chargé / Chargée de communication
N4123,Conducteur livreur installateur / Conductrice livreuse installatrice
M1615,Distributeur / Distributrice de prospectus et imprimés
G1231,Accompagnateur / Accompagnatrice en écotourisme
H2210,Tonnelier / Tonnelière
N2206,Pilote de drone
C1506,Responsable de projet immobilier
A1211,Chef / Cheffe d'équipe paysagiste
I1318,Instrumentiste Industriel / Industrielle
D1416,Commercial / Commerciale auprès d'une clientèle d'entreprises
D1218,Formateur coiffeur / Formatrice coiffeuse
K2115,Conseiller principal / Conseillère principale d'éducation
K2117,Inspecteur / Inspectrice de l'Éducation Nationale -IEN-
M1715,Directeur commercial / Directrice commerciale
D1417,Chef / Cheffe des ventes
M1841,Ingénieur informaticien / Ingénieure informaticienne
M1858,Chef / Cheffe de projet TMA - Tierce Maintenance Applicative
N4130,Conducteur / Conductrice de voiture radar à conduite externalisée
N1111,Conducteur / Conductrice de pont roulant
N1114,Conducteur / Conductrice d'engins lourds de manutention
K1724,Mécanicien / Mécanicienne d'engins blindés
I1620,Mécanicien-réparateur / Mécanicienne-réparatrice d'engins de levage et de manutention
K1718,Mécanicien / Mécanicienne de systèmes d'armes
E1113,E-commercial / E-commerciale
N1305,Ingénieur / Ingénieure logistique
N3204,Chef / Cheffe d'équipe de manutention portuaire
B1403,Restaurateur / Restauratrice de livres anciens
K2309,Technicien / Technicienne réutilisation recyclage
G1234,Musher guide de randonnée en traîneau
K1410,Directeur régional / Directrice régionale des services pénitentiaires
M1854,Administrateur / Administratrice réseau informatique
D1418,Négociant / Négociante en bois
M1614,Standardiste
I1105,Responsable de maintenance et d'exploitation
M1410,Responsable Green IT
M1413,Chargé / Chargée de mission RSE - Responsabilité Sociétale de l'Entreprise
D1219,Vendeur / Vendeuse conseil en jardinerie
F1117,Ingénieur / Ingénieure d'étude CVC
K1722,Conducteur / Conductrice d'autorité de l'armée
H1308,Animateur / Animatrice en Hygiène Sécurité Environnement (HSE)
F1126,Collaborateur / Collaboratrice d'architecte
H1309,Technicien / Technicienne en radioprotection
M1823,Consultant / Consultante avant-vente
D1420,Cadre Technico-commercial / Technico-commerciale
K2506,Convoyeur / Convoyeuse de fonds
K1607,Conservateur / Conservatrice des antiquités et objets d'art
H3305,Conducteur / Conductrice de machines de conditionnement
I1106,Responsable de maintenance réseaux des territoires connectés
D1109,Chef boucher / Cheffe bouchère
F1625,Monteur / Monteuse en agencement
M1210,Commissaire aux comptes
M1844,Analyste en cybersécurité
F1125,BIM Manager
F1116,Ingénieur / Ingénieure démantèlement nucléaire
I1504,Décontaminateur / Décontamineuse nucléaire et radiologique
I1505,Technicien / Technicienne déchet nucléaire
H2702,Conducteur / Conductrice de bloc nucléaire
I1507,Opérateur / Opératrice démantèlement nucléaire
K1720,Gardien / Gardienne de compagnie républicaine de sécurité
M1859,Chef / Cheffe de projet maîtrise d'œuvre informatique
G1107,Hôte / Hôtesse d'accueil et d'animation de croisière
H1108,Technicien / Technicienne support client en industrie
N4132,Agent commercial / Agente commerciale de conduite transport en commun
I1317,Technicien / Technicienne de maintenance fibre optique
I1319,Technicien / Technicienne de maintenance réseaux mobiles
H2917,Soudeur / Soudeuse MIG MAG
M1861,Développeur / Développeuse logiciel ou d'application
K1721,Technicien / Technicienne en investigation criminelle
B1614,Monteur / Monteuse en orfèvrerie
N4129,Conducteur / Conductrice de corbillard
F1207,Chef / Cheffe d'équipe travaux publics
H2211,Opérateur / Opératrice de sciage bois
G1232,Opérateur / Opératrice de parcours acrobatique dans les arbres
H1107,Directeur / Directrice assistance technique
A1507,Ostéopathe animalier / Ostéopathe animalière
M1845,Architecte IoT - Internet des Objets
M1846,Ingénieur / Ingénieure Cybersécurité Datacenter
K1208,Moniteur éducateur / Monitrice éducatrice
K1209,Coordonnateur / Coordonnatrice de projet socioéducatif
K2118,Directeur / Directrice d'école primaire
I1405,Administrateur / Administratrice bureautique
M1617,Médecin responsable de la Documentation et de l'Information Médicale (Médecin responsable -DIM-)
J1413,Physiothérapeute
J1511,Infirmier / Infirmière scolaire
M1412,Ergonome
J1512,Infirmier / Infirmière de santé au travail
M1855,Développeur / Développeuse web
G1410,Directeur / Directrice de la restauration
G1229,Guide-accompagnateur / Guide-accompagnatrice de pêche
K1708,Gardien / Gardienne de la paix
H1513,Responsable de pharmacovigilance
D1414,Responsable de zone internationale
H1406,Ingénieur / Ingénieure supply chain en industrie
H1105,Chef de projets santé / Cheffe de projets santé
N4109,Conducteur / Conductrice de car
N4119,Conducteur / Conductrice de tramway
N4127,Chauffeur accompagnateur / Chauffeuse accompagnatrice tourisme
I1404,Conseiller / Conseillère support technique informatique
K1717,Technicien électronicien / Technicienne électronicienne des armées
M1829,Ingénieur / Ingénieure systèmes et réseaux des territoires connectés
M1847,Expert / Experte en communication et réseaux
M1860,Architecte cloud
F1115,Vulcanologue
F1118,Sismologue
F1119,Pédologue
F1124,Hydrologue
F1123,Glaciologue
N4112,Chauffeur / Chauffeuse VTC
G1223,Animateur / Animatrice en site de divertissement
M1713,Responsable d'associations de patients
K1710,Officier de police judiciaire / Officière de police judiciaire
H1520,Ingénieur / Ingénieure assurance qualité en industrie
K2205,Agent / Agente de propreté de locaux
D1108,Chef boulanger / Cheffe boulangère
N1107,Chef / Cheffe d'équipe en déménagement
I1608,Démonteur / Démonteuse de véhicules hors d'usage
D1302,Responsable de boutique
D1220,Gérant / Gérante salon de coiffure
G1807,Gérant / Gérante de bar-tabac
G1808,Chef barman / Cheffe barmaid
G1705,Chef / Cheffe concierge d'hôtel
G1810,Chef / Cheffe de rang
G1805,"Gérant / Gérante de café, bar-brasserie"
N4128,Conducteur / Conductrice de navette de moins de 9 personnes
H1307,Responsable de la conformité industrielle
L1208,Mascotte-personnage
G1412,Directeur / Directrice de parc à thème
G1413,Directeur / Directrice de restaurant
I1320,Technicien / Technicienne de maintenance d'équipements connectés
I1609,Peintre automobile
G1230,Guide de tourisme équestre
H1522,Technicien / Technicienne en contrôles et essais non destructifs (CND END)
F1121,Architecte du patrimoine national
L1511,Technicien / Technicienne spectacle en site de divertissement
G1226,Chef / Cheffe de bassin
K1907,Commissaire-priseur / Commissaire-priseure
L1206,Cavalier / Cavalière de spectacle
M1506,Manager de proximité
H2424,Chef(fe) de ligne chromo en industrie textile
H3304,Chef / Cheffe de ligne conditionnement
H2915,Chef soudeur / Cheffe soudeuse
H2916,Soudeur / Soudeuse Tungsten Inert Gas -TIG-
I1314,Monteur installateur / Monteuse installatrice d'équipements connectés
I1315,Monteur raccordeur / Monteuse raccordeuse fibre optique
N4117,Conducteur / Conductrice d'attelage
N2207,Agent / Agente d'accompagnement du transport
M1414,Ingénieur statisticien / Ingénieure statisticienne
J1111,Gynécologue
G1108,Directeur / Directrice de pays d'accueil touristique
M1862,Responsable d'exploitation fibre optique
M1863,Evaluateur / Evaluatrice sécurité des systèmes et produits informatiques
H2421,Opérateur / Opératrice de fabrication de produits textiles
J1108,Médecin régulateur
M1507,Gestionnaire paie
H2423,Mécanicien / Mécanicienne industrie textile et de l'habillement
D1415,Chargé / Chargée de relation client
F1504,Charpentier / Charpentière de marine
N4121,Aide-livreur / Aide-livreuse
K1716,Chef / Cheffe de service pénitentiaire
